{"MaxHP":100,"Current_HP":85.0,"Move_speed":3.5,"Attack_power":25,"Stealth":100,"Armor":0,"EXP":0.0,"Level":1,"SceneNumber":1,"Pos":{"x":-11.620635032653809,"y":25.940000534057618,"z":4.01910400390625}}